<?xml version="1.0" encoding="utf-8"?>
<metadata>
	<layout title="COM_SHOPPING_TITLE_LIST_VIEW_ADDRESSES" option="View">
		<message>
				<![CDATA[COM_SHOPPING_TITLE_LIST_VIEW_ADDRESSES_DESC]]>
		</message>
	</layout>
	<fields name="request">
		<fieldset name="request">
				<field name="ordering" filter="safehtml" type="list" label="COM_SHOPPING_FORM_LBL_ADDRESSE_ORDERING" description="COM_SHOPPING_FORM_DESC_ADDRESSE_ORDERING" hint="COM_SHOPPING_FORM_LBL_ADDRESSE_ORDERING">
					<option value="">JNONE</option>
					<option value="id">Id</option>
					<option value="ordering">Ordering</option>
					<option value="state">State</option>
					<option value="title">Title</option>
					<option value="name">Name</option>
					<option value="phone">Phone</option>
					<option value="email">Email</option>
					<option value="province">Province</option>
					<option value="city">City</option>
					<option value="address">Address</option>
					<option value="postal_code">Postal_code</option>
					<option value="user">User</option>
					<option value="location">Location</option>
				</field>
				<field name="sorting" filter="safehtml" type="list" label="COM_SHOPPING_FORM_LBL_ADDRESSE_ORDERING_TYPE" description="COM_SHOPPING_FORM_DESC_ADDRESSE_ORDERING_TYPE" hint="COM_SHOPPING_FORM_LBL_ADDRESSE_ORDERING_TYPE">
					<option value="ASC">COM_SHOPPING_ASC</option>
					<option value="DESC">COM_SHOPPING_DESC</option>
				</field>
				<field name="view_type" filter="safehtml" type="list" label="COM_SHOPPING_FORM_LBL_ADDRESSE_VIEW_TYPE" description="COM_SHOPPING_FORM_DESC_ADDRESSE_VIEW_TYPE" hint="COM_SHOPPING_FORM_LBL_ADDRESSE_VIEW_TYPE">
					<option value="list">COM_SHOPPING_FORM_OPTION_ADDRESSE_VIEW_TYPE_LIST</option>
					<option value="thumb">COM_SHOPPING_FORM_OPTION_ADDRESSE_VIEW_TYPE_THUMBNAIL</option>
				</field>
				<field name="view_column" filter="safehtml" type="list" label="COM_SHOPPING_FORM_LBL_ADDRESSE_VIEW_COLUMN" description="COM_SHOPPING_FORM_DESC_ADDRESSE_VIEW_COLUMN" hint="COM_SHOPPING_FORM_LBL_ADDRESSE_VIEW_COLUMN">
					<option value="12">1</option>
					<option value="6">2</option>
					<option value="4">3</option>
					<option value="3">4</option>
					<option value="2">6</option>
					<option value="1">12</option>
					<option value="auto">COM_SHOPPING_FORM_OPTION_ADDRESSE_VIEW_COLUMN_AUTO</option>
				</field>
				
	</fieldset>
	</fields>
</metadata>
			