<?xml version="1.0" encoding="utf-8"?>
<extension type="module" version="4.0" method="upgrade" client="site">
	<name>MOD_SHOPPING_ADDRESSES</name>
	<creationDate>2025-03-01 07:09:41</creationDate>
	<copyright>Dima Software Group All Right Reserved</copyright>
	<license>GNU General Public License version 2 or later</license>
	<author></author>
	<authorEmail></authorEmail>
	<authorUrl></authorUrl>
	<version>1.0.0</version>
	<description>MOD_SHOPPING_ADDRESSES_DESCRIPTION</description>
	<namespace path="src">Shopping\Module\Addresses</namespace>
	<files>
			<filename module="mod_shopping_addresses">mod_shopping_addresses.php</filename>
			<filename>index.html</filename>
			<folder>tmpl</folder>
	</files>
	<languages folder="language">
			<language tag="fa-IR">fa-IR/mod_shopping_addresses.ini</language>
			<language tag="fa-IR">fa-IR/mod_shopping_addresses.sys.ini</language>
	</languages>
	<config>
		<fields name="params">
			<fieldset name="basic">
				<field type="text" label="MOD_SHOPPING_ADDRESSES_SLOGAN" name="slogan" description="MOD_SHOPPING_ADDRESSES_SLOGAN_DESCRIPTION" default="" class="" filter="" />
				<field type="editor" label="MOD_SHOPPING_ADDRESSES_DESCRIPTION" name="description" description="MOD_SHOPPING_ADDRESSES_DESCRIPTION_DESCRIPTION" default="" class="" cols="" rows="" filter="raw" />
				<field type="number" label="MOD_SHOPPING_ADDRESSES_COUNT" name="count" description="MOD_SHOPPING_ADDRESSES_COUNT_DESCRIPTION" default="6" class="" filter="" />
				<field name="viewtype" type="list" label="MOD_SHOPPING_ADDRESSES_LABEL_VIEWTYPE" description="MOD_SHOPPING_ADDRESSES_LABEL_VIEWTYPE_DESC" filter="raw">
					<option value="0">Dynamic</option>
					<option value="1">Static</option>
				</field> 		
				<field name="ordering" filter="safehtml" type="list" label="COM_SHOPPING_FORM_LBL_ADDRESSE_ORDERING" description="COM_SHOPPING_FORM_DESC_ADDRESSE_ORDERING" hint="COM_SHOPPING_FORM_LBL_ADDRESSE_ORDERING">
					<option value="">JNONE</option>
					<option value="id">Id</option>
					<option value="ordering">Ordering</option>
					<option value="state">State</option>
					<option value="title">Title</option>
					<option value="name">Name</option>
					<option value="phone">Phone</option>
					<option value="email">Email</option>
					<option value="province">Province</option>
					<option value="city">City</option>
					<option value="address">Address</option>
					<option value="postal_code">Postal_code</option>
					<option value="user">User</option>
					<option value="location">Location</option>
				</field>
				<field name="sorting" filter="safehtml" type="list" label="COM_SHOPPING_FORM_LBL_ADDRESSE_ORDERING_TYPE" description="COM_SHOPPING_FORM_DESC_ADDRESSE_ORDERING_TYPE" hint="COM_SHOPPING_FORM_LBL_ADDRESSE_ORDERING_TYPE">
					<option value="ASC">COM_SHOPPING_ASC</option>
					<option value="DESC">COM_SHOPPING_DESC</option>
				</field>
				<field name="view_type" filter="safehtml" type="list" label="COM_SHOPPING_FORM_LBL_ADDRESSE_VIEW_TYPE" description="COM_SHOPPING_FORM_DESC_ADDRESSE_VIEW_TYPE" hint="COM_SHOPPING_FORM_LBL_ADDRESSE_VIEW_TYPE">
					<option value="list">COM_SHOPPING_FORM_OPTION_ADDRESSE_VIEW_TYPE_LIST</option>
					<option value="thumb">COM_SHOPPING_FORM_OPTION_ADDRESSE_VIEW_TYPE_THUMBNAIL</option>
					<option value="scroller">COM_SHOPPING_FORM_OPTION_ADDRESSE_VIEW_TYPE_SCROLLER</option>
				</field>
				<field name="view_column" filter="safehtml" type="list" label="COM_SHOPPING_FORM_LBL_ADDRESSE_VIEW_COLUMN" description="COM_SHOPPING_FORM_DESC_ADDRESSE_VIEW_COLUMN" hint="COM_SHOPPING_FORM_LBL_ADDRESSE_VIEW_COLUMN">
					<option value="12">1</option>
					<option value="6">2</option>
					<option value="4">3</option>
					<option value="3">4</option>
					<option value="2">6</option>
					<option value="1">12</option>
					<option value="auto">COM_SHOPPING_FORM_OPTION_ADDRESSE_VIEW_COLUMN_AUTO</option>
				</field>
				
				<field type="number" label="MOD_SHOPPING_ADDRESSES_DESKTOP_INPAGE" name="desktop_inpage" description="MOD_SHOPPING_ADDRESSES_DESKTOP_INPAGE_DESCRIPTION" default="6" class="" filter="" />
				<field type="number" label="MOD_SHOPPING_ADDRESSES_MOBILE_INPAGE" name="mobile_inpage" description="MOD_SHOPPING_ADDRESSES_MOBILE_INPAGE_DESCRIPTION" default="2" class="" filter="" />
				<field type="media" label="MOD_SHOPPING_ADDRESSES_PHOTO" name="photo" description="MOD_SHOPPING_ADDRESSES_PHOTO_DESCRIPTION" default="" class="" filter="" />
				<field type="media" label="MOD_SHOPPING_ADDRESSES_BACKGROUND" name="background" description="MOD_SHOPPING_ADDRESSES_BACKGROUND_DESCRIPTION" default="" class="" filter="" />
				<field name="itemid" type="menuitem" default="45" label="MOD_SHOPPING_ADDRESSES_ITEM_MENU" description="MOD_SHOPPING_ADDRESSES_ITEM_MENU_DESCRIPTION" />
			</fieldset>
         <fieldset name="advanced">
            <field name="layout" type="modulelayout" label="JFIELD_ALT_LAYOUT_LABEL" description="JFIELD_ALT_MODULE_LAYOUT_DESC" />
            <field name="moduleclass_sfx" type="textarea" rows="3" label="COM_MODULES_FIELD_MODULECLASS_SFX_LABEL" description="COM_MODULES_FIELD_MODULECLASS_SFX_DESC" />
            <field name="cache" type="list" default="1" label="COM_MODULES_FIELD_CACHING_LABEL" description="COM_MODULES_FIELD_CACHING_DESC">
               <option value="1">JGLOBAL_USE_GLOBAL</option>
               <option value="0">COM_MODULES_FIELD_VALUE_NOCACHING</option>
            </field>
            <field name="cache_time" type="text" default="900" label="COM_MODULES_FIELD_CACHE_TIME_LABEL" description="COM_MODULES_FIELD_CACHE_TIME_DESC" />
            <field name="cachemode" type="hidden" default="static">
               <option value="static"></option>
            </field>
         </fieldset>
		</fields>
	</config>
</extension>
			