<?xml version="1.0" encoding="utf-8"?>
<metadata>
	<layout title="COM_SHOPPING_TITLE_LIST_VIEW_CATEGORIES" option="View">
		<message>
				<![CDATA[COM_SHOPPING_TITLE_LIST_VIEW_CATEGORIES_DESC]]>
		</message>
	</layout>
	<fields name="request">
		<fieldset name="request" addfieldpath="/administrator/components/com_categories/models/fields">
		<field name="parent" query="SELECT * FROM #__shopping_category" multiple="fale" layout="joomla.form.field.list-fancy-select" key_field="id" value_field="title" filter="safehtml" type="sql" label="COM_SHOPPING_FORM_LBL_CATEGORY_PARENT" description="COM_SHOPPING_FORM_LBL_CATEGORY_PARENT_DESC" hint="COM_SHOPPING_FORM_LBL_CATEGORY_PARENT">
				<option value="">JNONE</option>
		</field>
		<field name="fields" query="SELECT * FROM #__shopping_field" multiple="true" layout="joomla.form.field.list-fancy-select" key_field="id" value_field="title" filter="safehtml" type="sql" label="COM_SHOPPING_FORM_LBL_CATEGORY_FIELDS" description="COM_SHOPPING_FORM_LBL_CATEGORY_FIELDS_DESC" hint="COM_SHOPPING_FORM_LBL_CATEGORY_FIELDS">
				<option value="">JNONE</option>
		</field>
				<field name="ordering" filter="safehtml" type="list" label="COM_SHOPPING_FORM_LBL_CATEGORY_ORDERING" description="COM_SHOPPING_FORM_DESC_CATEGORY_ORDERING" hint="COM_SHOPPING_FORM_LBL_CATEGORY_ORDERING">
					<option value="">JNONE</option>
					<option value="id">Id</option>
					<option value="ordering">Ordering</option>
					<option value="state">State</option>
					<option value="title">Title</option>
					<option value="alias">Alias</option>
					<option value="photo">Photo</option>
					<option value="parent">Parent</option>
					<option value="description">Description</option>
					<option value="hits">Hits</option>
					<option value="fields">Fields</option>
					<option value="created_date">Created_date</option>
				</field>
				<field name="sorting" filter="safehtml" type="list" label="COM_SHOPPING_FORM_LBL_CATEGORY_ORDERING_TYPE" description="COM_SHOPPING_FORM_DESC_CATEGORY_ORDERING_TYPE" hint="COM_SHOPPING_FORM_LBL_CATEGORY_ORDERING_TYPE">
					<option value="ASC">COM_SHOPPING_ASC</option>
					<option value="DESC">COM_SHOPPING_DESC</option>
				</field>
				<field name="view_type" filter="safehtml" type="list" label="COM_SHOPPING_FORM_LBL_CATEGORY_VIEW_TYPE" description="COM_SHOPPING_FORM_DESC_CATEGORY_VIEW_TYPE" hint="COM_SHOPPING_FORM_LBL_CATEGORY_VIEW_TYPE">
					<option value="list">COM_SHOPPING_FORM_OPTION_CATEGORY_VIEW_TYPE_LIST</option>
					<option value="thumb">COM_SHOPPING_FORM_OPTION_CATEGORY_VIEW_TYPE_THUMBNAIL</option>
				</field>
				<field name="view_column" filter="safehtml" type="list" label="COM_SHOPPING_FORM_LBL_CATEGORY_VIEW_COLUMN" description="COM_SHOPPING_FORM_DESC_CATEGORY_VIEW_COLUMN" hint="COM_SHOPPING_FORM_LBL_CATEGORY_VIEW_COLUMN">
					<option value="12">1</option>
					<option value="6">2</option>
					<option value="4">3</option>
					<option value="3">4</option>
					<option value="2">6</option>
					<option value="1">12</option>
					<option value="auto">COM_SHOPPING_FORM_OPTION_CATEGORY_VIEW_COLUMN_AUTO</option>
				</field>
				
	</fieldset>
	</fields>
</metadata>
			