<?xml version="1.0" encoding="utf-8"?>
<metadata>
	<layout title="COM_SHOPPING_TITLE_LIST_VIEW_PRODUCTS" option="View">
		<message>
				<![CDATA[COM_SHOPPING_TITLE_LIST_VIEW_PRODUCTS_DESC]]>
		</message>
	</layout>
	<fields name="request">
		<fieldset name="request" addfieldpath="/administrator/components/com_categories/models/fields">
		<field name="category" query="SELECT * FROM #__shopping_category" multiple="true" layout="joomla.form.field.list-fancy-select" key_field="id" value_field="title" filter="safehtml" type="sql" label="COM_SHOPPING_FORM_LBL_PRODUCT_CATEGORY" description="COM_SHOPPING_FORM_LBL_PRODUCT_CATEGORY_DESC" hint="COM_SHOPPING_FORM_LBL_PRODUCT_CATEGORY">
				<option value="">JNONE</option>
		</field>
		<field name="vendor" query="SELECT * FROM #__shopping_vendor" multiple="true" layout="joomla.form.field.list-fancy-select" key_field="id" value_field="title" filter="safehtml" type="sql" label="COM_SHOPPING_FORM_LBL_PRODUCT_VENDOR" description="COM_SHOPPING_FORM_LBL_PRODUCT_VENDOR_DESC" hint="COM_SHOPPING_FORM_LBL_PRODUCT_VENDOR">
				<option value="">JNONE</option>
		</field>
		<field name="company" query="SELECT * FROM #__shopping_company" multiple="true" layout="joomla.form.field.list-fancy-select" key_field="id" value_field="name" filter="safehtml" type="sql" label="COM_SHOPPING_FORM_LBL_PRODUCT_COMPANY" description="COM_SHOPPING_FORM_LBL_PRODUCT_COMPANY_DESC" hint="COM_SHOPPING_FORM_LBL_PRODUCT_COMPANY">
				<option value="">JNONE</option>
		</field>
				<field name="label" filter="safehtml" type="list" label="COM_SHOPPING_FORM_LBL_PRODUCT_LABEL" description="COM_SHOPPING_FORM_LBL_PRODUCT_LABEL_DESC" hint="COM_SHOPPING_FORM_LBL_PRODUCT_LABEL">
					<option value="">JNONE</option>
					<option value="New">New</option>
					<option value="Sale">Sale</option>
					<option value="Editor">Editor</option>
				</field>
				<field name="ordering" filter="safehtml" type="list" label="COM_SHOPPING_FORM_LBL_PRODUCT_ORDERING" description="COM_SHOPPING_FORM_DESC_PRODUCT_ORDERING" hint="COM_SHOPPING_FORM_LBL_PRODUCT_ORDERING">
					<option value="">JNONE</option>
					<option value="id">Id</option>
					<option value="ordering">Ordering</option>
					<option value="state">State</option>
					<option value="title">Title</option>
					<option value="alias">Alias</option>
					<option value="photo">Photo</option>
					<option value="gallery">Gallery</option>
					<option value="category">Category</option>
					<option value="vendor">Vendor</option>
					<option value="company">Company</option>
					<option value="description">Description</option>
					<option value="price">Price</option>
					<option value="label">Label</option>
					<option value="weight">Weight</option>
					<option value="stock">Stock</option>
					<option value="discount">Discount</option>
					<option value="discount_date">Discount_date</option>
					<option value="video">Video</option>
					<option value="download">Download</option>
					<option value="download_link">Download_link</option>
					<option value="aparat">Aparat</option>
					<option value="param">Param</option>
					<option value="sale">Sale</option>
					<option value="created_date">Created_date</option>
				</field>
				<field name="sorting" filter="safehtml" type="list" label="COM_SHOPPING_FORM_LBL_PRODUCT_ORDERING_TYPE" description="COM_SHOPPING_FORM_DESC_PRODUCT_ORDERING_TYPE" hint="COM_SHOPPING_FORM_LBL_PRODUCT_ORDERING_TYPE">
					<option value="ASC">COM_SHOPPING_ASC</option>
					<option value="DESC">COM_SHOPPING_DESC</option>
				</field>
				<field name="view_type" filter="safehtml" type="list" label="COM_SHOPPING_FORM_LBL_PRODUCT_VIEW_TYPE" description="COM_SHOPPING_FORM_DESC_PRODUCT_VIEW_TYPE" hint="COM_SHOPPING_FORM_LBL_PRODUCT_VIEW_TYPE">
					<option value="list">COM_SHOPPING_FORM_OPTION_PRODUCT_VIEW_TYPE_LIST</option>
					<option value="thumb">COM_SHOPPING_FORM_OPTION_PRODUCT_VIEW_TYPE_THUMBNAIL</option>
				</field>
				<field name="view_column" filter="safehtml" type="list" label="COM_SHOPPING_FORM_LBL_PRODUCT_VIEW_COLUMN" description="COM_SHOPPING_FORM_DESC_PRODUCT_VIEW_COLUMN" hint="COM_SHOPPING_FORM_LBL_PRODUCT_VIEW_COLUMN">
					<option value="12">1</option>
					<option value="6">2</option>
					<option value="4">3</option>
					<option value="3">4</option>
					<option value="2">6</option>
					<option value="1">12</option>
					<option value="auto">COM_SHOPPING_FORM_OPTION_PRODUCT_VIEW_COLUMN_AUTO</option>
				</field>
				
	</fieldset>
	</fields>
</metadata>
			