<?xml version="1.0" encoding="utf-8"?>
<extension type="component" version="4.0" method="upgrade">
	<name>com_shopping</name>
	<creationDate>2025-03-07 04:00:32</creationDate>
	<copyright>Dima Software Group All Right Reserved</copyright>
	<license>GNU General Public License version 2 or later</license>
	<author>R.Balvardi</author>
	<authorEmail>info@dima.ir</authorEmail>
	<authorUrl>https://www.dima.ir</authorUrl>
	<version>1.0.0</version>
	<description>Professional Joomla Shopping Cart Component</description>
	<namespace path="src">Shopping\Component\Shopping</namespace>
   <scriptfile>script.php</scriptfile>
	<install> <!-- Runs on install -->
		<sql>
				<file driver="mysql" charset="utf8">sql/install.mysql.utf8.sql</file>
		</sql>
	</install>
	<update> <!-- Runs on update -->
		<schemas>
				<schemapath type="mysql">sql/updates</schemapath>
		</schemas>
	</update>
	<uninstall> <!-- Runs on uninstall -->
		<sql>
				<file driver="mysql" charset="utf8">sql/uninstall.mysql.utf8.sql</file>
		</sql>
	</uninstall>
	<files folder="site">
		<folder>src</folder>
		<folder>forms</folder>
		<folder>tmpl</folder>
	</files>
	<media destination="com_shopping" folder="media">
		<folder>css</folder>
		<folder>images</folder>
		<folder>js</folder>
		<filename>joomla.asset.json</filename>
	</media>
	<languages folder="site/languages">
			<language tag="fa-IR">fa-IR/com_shopping.ini</language>
	</languages>
	<administration>
		<menu>COM_SHOPPING</menu>
		<submenu>
				<menu link="option=com_shopping&amp;view=vendors" view="vendors" alt="Shopping/Vendors">COM_SHOPPING_TITLE_VENDORS</menu>
				<menu link="option=com_shopping&amp;view=categories" view="categories" alt="Shopping/Categories">COM_SHOPPING_TITLE_CATEGORIES</menu>
				<menu link="option=com_shopping&amp;view=products" view="products" alt="Shopping/Products">COM_SHOPPING_TITLE_PRODUCTS</menu>
				<menu link="option=com_shopping&amp;view=fields" view="fields" alt="Shopping/Fields">COM_SHOPPING_TITLE_FIELDS</menu>
				<menu link="option=com_shopping&amp;view=campaigns" view="campaigns" alt="Shopping/Campaigns">COM_SHOPPING_TITLE_CAMPAIGNS</menu>
				<menu link="option=com_shopping&amp;view=discounts" view="discounts" alt="Shopping/Discounts">COM_SHOPPING_TITLE_DISCOUNTS</menu>
				<menu link="option=com_shopping&amp;view=orders" view="orders" alt="Shopping/Orders">COM_SHOPPING_TITLE_ORDERS</menu>
				<menu link="option=com_shopping&amp;view=addresses" view="addresses" alt="Shopping/Addresses">COM_SHOPPING_TITLE_ADDRESSES</menu>
				<menu link="option=com_shopping&amp;view=users" view="users" alt="Shopping/Users">COM_SHOPPING_TITLE_USERS</menu>
				<menu link="option=com_shopping&amp;view=provinces" view="provinces" alt="Shopping/Provinces">COM_SHOPPING_TITLE_PROVINCES</menu>
				<menu link="option=com_shopping&amp;view=cities" view="cities" alt="Shopping/Cities">COM_SHOPPING_TITLE_CITIES</menu>
				<menu link="option=com_shopping&amp;view=gateways" view="gateways" alt="Shopping/Gateways">COM_SHOPPING_TITLE_GATEWAYS</menu>
				<menu link="option=com_shopping&amp;view=shippings" view="shippings" alt="Shopping/Shippings">COM_SHOPPING_TITLE_SHIPPINGS</menu>
				<menu link="option=com_shopping&amp;view=behaviors" view="behaviors" alt="Shopping/Behaviors">COM_SHOPPING_TITLE_BEHAVIORS</menu>
				<menu link="option=com_shopping&amp;view=analyses" view="analyses" alt="Shopping/Analyses">COM_SHOPPING_TITLE_ANALYSES</menu>
				<menu link="option=com_shopping&amp;view=visits" view="visits" alt="Shopping/Visits">COM_SHOPPING_TITLE_VISITS</menu>
				<menu link="option=com_shopping&amp;view=favorites" view="favorites" alt="Shopping/Favorites">COM_SHOPPING_TITLE_FAVORITES</menu>
				<menu link="option=com_shopping&amp;view=search" view="search" alt="Shopping/Search">COM_SHOPPING_TITLE_SEARCH</menu>
				<menu link="option=com_shopping&amp;view=compare" view="compare" alt="Shopping/Compare">COM_SHOPPING_TITLE_COMPARE</menu>
				<menu link="option=com_shopping&amp;view=cart" view="cart" alt="Shopping/Cart">COM_SHOPPING_TITLE_CART</menu>
				<menu link="option=com_shopping&amp;view=comments" view="comments" alt="Shopping/Comments">COM_SHOPPING_TITLE_COMMENTS</menu>
				<menu link="option=com_shopping&amp;view=keys" view="keys" alt="Shopping/Keys">COM_SHOPPING_TITLE_KEYS</menu>
				<menu link="option=com_shopping&amp;view=notifications" view="notifications" alt="Shopping/Notifications">COM_SHOPPING_TITLE_NOTIFICATIONS</menu>
				<menu link="option=com_shopping&amp;view=companies" view="companies" alt="Shopping/Companies">COM_SHOPPING_TITLE_COMPANIES</menu>
		</submenu>
		<files folder="administrator">
				<filename>access.xml</filename>
				<filename>config.xml</filename>
				<folder>forms</folder>
				<folder>src</folder>
				<folder>tmpl</folder>
				<folder>services</folder>
				<folder>presets</folder>
				<folder>sql</folder>
		</files>
		<languages folder="administrator/languages">
			<language tag="fa-IR">fa-IR/com_shopping.ini</language>
			<language tag="fa-IR">fa-IR/com_shopping.sys.ini</language>
		</languages>
	</administration>
	<config>
		<fields name="params">
				<fieldset name="component">
					<field name="save_history" default="0" />
				</fieldset>
		</fields>
	</config>
	<plugins>
	</plugins>
	<modules>
		<module module="mod_shopping_vendors" />
		<module module="mod_shopping_categories" />
		<module module="mod_shopping_products" />
		<module module="mod_shopping_fields" />
		<module module="mod_shopping_campaigns" />
		<module module="mod_shopping_discounts" />
		<module module="mod_shopping_orders" />
		<module module="mod_shopping_addresses" />
		<module module="mod_shopping_users" />
		<module module="mod_shopping_provinces" />
		<module module="mod_shopping_cities" />
		<module module="mod_shopping_gateways" />
		<module module="mod_shopping_shippings" />
		<module module="mod_shopping_behaviors" />
		<module module="mod_shopping_analyses" />
		<module module="mod_shopping_visits" />
		<module module="mod_shopping_favorites" />
		<module module="mod_shopping_search" />
		<module module="mod_shopping_compare" />
		<module module="mod_shopping_cart" />
		<module module="mod_shopping_comments" />
		<module module="mod_shopping_keys" />
		<module module="mod_shopping_notifications" />
		<module module="mod_shopping_companies" />
	</modules>
	<updateservers>
		<server type="extension" priority="1" name="com_shopping">https://addon.ir/en/update/</server>
	</updateservers>
</extension>
<!-- Component built by the Joomla Addon Creator -->
<!-- https://www.addon.ir/ -->