<?xml version="1.0" encoding="utf-8"?>
<metadata>
	<layout title="COM_SHOPPING_TITLE_ITEM_VIEW_order" option="View">
		<message>
				<![CDATA[COM_SHOPPING_TITLE_ITEM_VIEW_ORDER_DESC]]>
		</message>
	</layout>
	<fields name="request">
		<fieldset 
				name="request"
				label="COM_SHOPPING_FIELDSET_ITEM_ID_SELECT_LABEL">
				<field
					name="id"
					query="SELECT `id`, `title` FROM #__shopping_order ORDER BY `id`"
					type="sql"
					key_field="id" 
					value_field="title"
					label="COM_SHOPPING_ITEM_ID_SELECT_LABEL"
					require="true"
					description="JGLOBAL_SHOW_TITLE_DESC">
				<option value="">JNONE</option>
	      </field>
		</fieldset>
	</fields>
</metadata>
			