<?xml version="1.0"?>
<component>
	<table action="add" table_name="#__shopping_category" storage_engine="" collation="utf8mb4_unicode_ci">
      <field action="add" field_name="id" field_type="INT" field_length="11" is_autoincrement="1" index="primary" description=""/>
         <field action="add" field_name="ordering" field_type="INT" field_length="11" description=""/>
         <field action="add" field_name="state" field_type="INT" field_length="11" description=""/>
         <field action="add" field_name="title" field_type="VARCHAR" field_length="255" description=""/>
         <field action="add" field_name="alias" field_type="VARCHAR" field_length="255" description=""/>
         <field action="add" field_name="photo" field_type="TEXT" description=""/>
         <field action="add" field_name="parent" field_type="VARCHAR" field_length="255" description=""/>
         <field action="add" field_name="description" field_type="TEXT" description=""/>
         <field action="add" field_name="hits" field_type="INT" field_length="11" description=""/>
         <field action="add" field_name="fields" field_type="VARCHAR" field_length="255" description=""/>
         <field action="add" field_name="created_date" field_type="DATETIME" description=""/>
	</table>
	<table action="add" table_name="#__shopping_product" storage_engine="" collation="utf8mb4_unicode_ci">
      <field action="add" field_name="id" field_type="INT" field_length="11" is_autoincrement="1" index="primary" description=""/>
         <field action="add" field_name="ordering" field_type="INT" field_length="11" description=""/>
         <field action="add" field_name="state" field_type="INT" field_length="11" description=""/>
         <field action="add" field_name="title" field_type="VARCHAR" field_length="255" description=""/>
         <field action="add" field_name="alias" field_type="VARCHAR" field_length="255" description=""/>
         <field action="add" field_name="photo" field_type="TEXT" description=""/>
         <field action="add" field_name="gallery" field_type="TEXT" description=""/>
         <field action="add" field_name="category" field_type="VARCHAR" field_length="255" description=""/>
         <field action="add" field_name="description" field_type="TEXT" description=""/>
         <field action="add" field_name="price" field_type="INT" field_length="11" description=""/>
         <field action="add" field_name="label" field_type="TEXT" description=""/>
         <field action="add" field_name="weight" field_type="INT" field_length="11" description=""/>
         <field action="add" field_name="stock" field_type="INT" field_length="11" description=""/>
         <field action="add" field_name="discount" field_type="INT" field_length="11" description=""/>
         <field action="add" field_name="discount_date" field_type="DATETIME" description=""/>
         <field action="add" field_name="hits" field_type="INT" field_length="11" description=""/>
         <field action="add" field_name="created_date" field_type="DATETIME" description=""/>
         <field action="add" field_name="param" field_type="TEXT" description=""/>
	</table>
	<table action="add" table_name="#__shopping_field" storage_engine="" collation="utf8mb4_unicode_ci">
      <field action="add" field_name="id" field_type="INT" field_length="11" is_autoincrement="1" index="primary" description=""/>
         <field action="add" field_name="ordering" field_type="INT" field_length="11" description=""/>
         <field action="add" field_name="state" field_type="INT" field_length="11" description=""/>
         <field action="add" field_name="title" field_type="VARCHAR" field_length="255" description=""/>
         <field action="add" field_name="alias" field_type="VARCHAR" field_length="255" description=""/>
         <field action="add" field_name="type" field_type="TEXT" description=""/>
         <field action="add" field_name="options" field_type="TEXT" description=""/>
         <field action="add" field_name="category" field_type="VARCHAR" field_length="255" description=""/>
	</table>
	<table action="add" table_name="#__shopping_campaign" storage_engine="" collation="utf8mb4_unicode_ci">
      <field action="add" field_name="id" field_type="INT" field_length="11" is_autoincrement="1" index="primary" description=""/>
         <field action="add" field_name="ordering" field_type="INT" field_length="11" description=""/>
         <field action="add" field_name="state" field_type="INT" field_length="11" description=""/>
         <field action="add" field_name="title" field_type="VARCHAR" field_length="255" description=""/>
         <field action="add" field_name="alias" field_type="VARCHAR" field_length="255" description=""/>
         <field action="add" field_name="description" field_type="TEXT" description=""/>
         <field action="add" field_name="photo" field_type="TEXT" description=""/>
         <field action="add" field_name="banner" field_type="TEXT" description=""/>
         <field action="add" field_name="start_date" field_type="DATETIME" description=""/>
         <field action="add" field_name="end_date" field_type="DATETIME" description=""/>
         <field action="add" field_name="discount" field_type="INT" field_length="11" description=""/>
         <field action="add" field_name="hits" field_type="INT" field_length="11" description=""/>
         <field action="add" field_name="created_date" field_type="DATETIME" description=""/>
         <field action="add" field_name="products" field_type="VARCHAR" field_length="255" description=""/>
	</table>
	<table action="add" table_name="#__shopping_order" storage_engine="" collation="utf8mb4_unicode_ci">
      <field action="add" field_name="id" field_type="INT" field_length="11" is_autoincrement="1" index="primary" description=""/>
         <field action="add" field_name="ordering" field_type="INT" field_length="11" description=""/>
         <field action="add" field_name="state" field_type="INT" field_length="11" description=""/>
         <field action="add" field_name="title" field_type="VARCHAR" field_length="255" description=""/>
         <field action="add" field_name="number" field_type="INT" field_length="11" description=""/>
         <field action="add" field_name="items" field_type="TEXT" description=""/>
         <field action="add" field_name="total" field_type="INT" field_length="11" description=""/>
         <field action="add" field_name="name" field_type="VARCHAR" field_length="255" description=""/>
         <field action="add" field_name="phone" field_type="VARCHAR" field_length="255" description=""/>
         <field action="add" field_name="email" field_type="VARCHAR" field_length="255" description=""/>
         <field action="add" field_name="province" field_type="VARCHAR" field_length="255" description=""/>
         <field action="add" field_name="city" field_type="VARCHAR" field_length="255" description=""/>
         <field action="add" field_name="address" field_type="TEXT" description=""/>
         <field action="add" field_name="postal_code" field_type="VARCHAR" field_length="255" description=""/>
         <field action="add" field_name="order_date" field_type="DATETIME" description=""/>
         <field action="add" field_name="bank_rfcode" field_type="VARCHAR" field_length="255" description=""/>
         <field action="add" field_name="post_rfcode" field_type="VARCHAR" field_length="255" description=""/>
         <field action="add" field_name="payment" field_type="TEXT" description=""/>
         <field action="add" field_name="user" field_type="INT" field_length="11" description=""/>
         <field action="add" field_name="status" field_type="TEXT" description=""/>
         <field action="add" field_name="token" field_type="INT" field_length="11" description=""/>
	</table>
	<table action="add" table_name="#__shopping_address" storage_engine="" collation="utf8mb4_unicode_ci">
      <field action="add" field_name="id" field_type="INT" field_length="11" is_autoincrement="1" index="primary" description=""/>
         <field action="add" field_name="ordering" field_type="INT" field_length="11" description=""/>
         <field action="add" field_name="state" field_type="INT" field_length="11" description=""/>
         <field action="add" field_name="title" field_type="VARCHAR" field_length="255" description=""/>
         <field action="add" field_name="name" field_type="VARCHAR" field_length="255" description=""/>
         <field action="add" field_name="phone" field_type="VARCHAR" field_length="255" description=""/>
         <field action="add" field_name="email" field_type="VARCHAR" field_length="255" description=""/>
         <field action="add" field_name="province" field_type="VARCHAR" field_length="255" description=""/>
         <field action="add" field_name="city" field_type="VARCHAR" field_length="255" description=""/>
         <field action="add" field_name="address" field_type="TEXT" description=""/>
         <field action="add" field_name="postal_code" field_type="VARCHAR" field_length="255" description=""/>
         <field action="add" field_name="user" field_type="INT" field_length="11" description=""/>
         <field action="add" field_name="location" field_type="TEXT" description=""/>
	</table></component>
