<?xml version="1.0" encoding="utf-8"?>
<metadata>
	<layout title="COM_SHOPPING_TITLE_LIST_VIEW_ORDERS" option="View">
		<message>
				<![CDATA[COM_SHOPPING_TITLE_LIST_VIEW_ORDERS_DESC]]>
		</message>
	</layout>
	<fields name="request">
		<fieldset name="request">
				<field name="payment" filter="safehtml" type="list" label="COM_SHOPPING_FORM_LBL_ORDER_PAYMENT" description="COM_SHOPPING_FORM_LBL_ORDER_PAYMENT_DESC" hint="COM_SHOPPING_FORM_LBL_ORDER_PAYMENT">
					<option value="">JNONE</option>
					<option value="no">No</option>
					<option value="yes">Yes</option>
				</field>
				<field name="status" filter="safehtml" type="list" label="COM_SHOPPING_FORM_LBL_ORDER_STATUS" description="COM_SHOPPING_FORM_LBL_ORDER_STATUS_DESC" hint="COM_SHOPPING_FORM_LBL_ORDER_STATUS">
					<option value="">JNONE</option>
					<option value="pending">Pending</option>
					<option value="payment">Payment</option>
					<option value="shipped">Shipped</option>
					<option value="delivered">Delivered</option>
					<option value="canceled">Canceled</option>
				</field>
				<field name="ordering" filter="safehtml" type="list" label="COM_SHOPPING_FORM_LBL_ORDER_ORDERING" description="COM_SHOPPING_FORM_DESC_ORDER_ORDERING" hint="COM_SHOPPING_FORM_LBL_ORDER_ORDERING">
					<option value="">JNONE</option>
					<option value="id">Id</option>
					<option value="ordering">Ordering</option>
					<option value="state">State</option>
					<option value="title">Title</option>
					<option value="number">Number</option>
					<option value="items">Items</option>
					<option value="total">Total</option>
					<option value="name">Name</option>
					<option value="phone">Phone</option>
					<option value="email">Email</option>
					<option value="province">Province</option>
					<option value="city">City</option>
					<option value="address">Address</option>
					<option value="postal_code">Postal_code</option>
					<option value="order_date">Order_date</option>
					<option value="bank_rfcode">Bank_rfcode</option>
					<option value="post_rfcode">Post_rfcode</option>
					<option value="payment">Payment</option>
					<option value="user">User</option>
					<option value="status">Status</option>
					<option value="token">Token</option>
				</field>
				<field name="sorting" filter="safehtml" type="list" label="COM_SHOPPING_FORM_LBL_ORDER_ORDERING_TYPE" description="COM_SHOPPING_FORM_DESC_ORDER_ORDERING_TYPE" hint="COM_SHOPPING_FORM_LBL_ORDER_ORDERING_TYPE">
					<option value="ASC">COM_SHOPPING_ASC</option>
					<option value="DESC">COM_SHOPPING_DESC</option>
				</field>
				<field name="view_type" filter="safehtml" type="list" label="COM_SHOPPING_FORM_LBL_ORDER_VIEW_TYPE" description="COM_SHOPPING_FORM_DESC_ORDER_VIEW_TYPE" hint="COM_SHOPPING_FORM_LBL_ORDER_VIEW_TYPE">
					<option value="list">COM_SHOPPING_FORM_OPTION_ORDER_VIEW_TYPE_LIST</option>
					<option value="thumb">COM_SHOPPING_FORM_OPTION_ORDER_VIEW_TYPE_THUMBNAIL</option>
				</field>
				<field name="view_column" filter="safehtml" type="list" label="COM_SHOPPING_FORM_LBL_ORDER_VIEW_COLUMN" description="COM_SHOPPING_FORM_DESC_ORDER_VIEW_COLUMN" hint="COM_SHOPPING_FORM_LBL_ORDER_VIEW_COLUMN">
					<option value="12">1</option>
					<option value="6">2</option>
					<option value="4">3</option>
					<option value="3">4</option>
					<option value="2">6</option>
					<option value="1">12</option>
					<option value="auto">COM_SHOPPING_FORM_OPTION_ORDER_VIEW_COLUMN_AUTO</option>
				</field>
				
	</fieldset>
	</fields>
</metadata>
			