<?xml version="1.0" encoding="utf-8"?>
<extension type="module" version="4.0" method="upgrade" client="site">
	<name>MOD_SHOPPING_PRODUCTS</name>
	<creationDate>2025-03-01 06:32:15</creationDate>
	<copyright>Dima Software Group All Right Reserved</copyright>
	<license>GNU General Public License version 2 or later</license>
	<author></author>
	<authorEmail></authorEmail>
	<authorUrl></authorUrl>
	<version>1.0.0</version>
	<description>MOD_SHOPPING_PRODUCTS_DESCRIPTION</description>
	<namespace path="src">Shopping\Module\Products</namespace>
	<files>
			<filename module="mod_shopping_products">mod_shopping_products.php</filename>
			<filename>index.html</filename>
			<folder>tmpl</folder>
	</files>
	<languages folder="language">
			<language tag="fa-IR">fa-IR/mod_shopping_products.ini</language>
			<language tag="fa-IR">fa-IR/mod_shopping_products.sys.ini</language>
	</languages>
	<config>
		<fields name="params">
			<fieldset name="basic">
				<field type="text" label="MOD_SHOPPING_PRODUCTS_SLOGAN" name="slogan" description="MOD_SHOPPING_PRODUCTS_SLOGAN_DESCRIPTION" default="" class="" filter="" />
				<field type="editor" label="MOD_SHOPPING_PRODUCTS_DESCRIPTION" name="description" description="MOD_SHOPPING_PRODUCTS_DESCRIPTION_DESCRIPTION" default="" class="" cols="" rows="" filter="raw" />
				<field type="number" label="MOD_SHOPPING_PRODUCTS_COUNT" name="count" description="MOD_SHOPPING_PRODUCTS_COUNT_DESCRIPTION" default="6" class="" filter="" />
            <field name="category" query="SELECT * FROM #__shopping_category" key_field="id" value_field="title" filter="safehtml" multiple="true" layout="joomla.form.field.list-fancy-select" type="sql" label="COM_SHOPPING_FORM_LBL_PRODUCT_CATEGORY" description="COM_SHOPPING_FORM_LBL_PRODUCT_CATEGORY_DESC" hint="COM_SHOPPING_FORM_LBL_PRODUCT_CATEGORY">
                  <option value="">JNONE</option>
            </field>
				<field name="label" filter="safehtml" type="list" label="COM_SHOPPING_FORM_LBL_PRODUCT_LABEL" description="COM_SHOPPING_FORM_LBL_PRODUCT_LABEL_DESC" hint="COM_SHOPPING_FORM_LBL_PRODUCT_LABEL">
					<option value="">JNONE</option>
					<option value="New">New</option>
					<option value="Sale">Sale</option>
					<option value="Editor">Editor</option>
				</field>
				<field name="viewtype" type="list" label="MOD_SHOPPING_PRODUCTS_LABEL_VIEWTYPE" description="MOD_SHOPPING_PRODUCTS_LABEL_VIEWTYPE_DESC" filter="raw">
					<option value="0">Dynamic</option>
					<option value="1">Static</option>
				</field> 		
				<field name="ordering" filter="safehtml" type="list" label="COM_SHOPPING_FORM_LBL_PRODUCT_ORDERING" description="COM_SHOPPING_FORM_DESC_PRODUCT_ORDERING" hint="COM_SHOPPING_FORM_LBL_PRODUCT_ORDERING">
					<option value="">JNONE</option>
					<option value="id">Id</option>
					<option value="ordering">Ordering</option>
					<option value="state">State</option>
					<option value="title">Title</option>
					<option value="alias">Alias</option>
					<option value="photo">Photo</option>
					<option value="gallery">Gallery</option>
					<option value="category">Category</option>
					<option value="description">Description</option>
					<option value="price">Price</option>
					<option value="label">Label</option>
					<option value="weight">Weight</option>
					<option value="stock">Stock</option>
					<option value="discount">Discount</option>
					<option value="discount_date">Discount_date</option>
					<option value="hits">Hits</option>
					<option value="created_date">Created_date</option>
					<option value="param">Param</option>
				</field>
				<field name="sorting" filter="safehtml" type="list" label="COM_SHOPPING_FORM_LBL_PRODUCT_ORDERING_TYPE" description="COM_SHOPPING_FORM_DESC_PRODUCT_ORDERING_TYPE" hint="COM_SHOPPING_FORM_LBL_PRODUCT_ORDERING_TYPE">
					<option value="ASC">COM_SHOPPING_ASC</option>
					<option value="DESC">COM_SHOPPING_DESC</option>
				</field>
				<field name="view_type" filter="safehtml" type="list" label="COM_SHOPPING_FORM_LBL_PRODUCT_VIEW_TYPE" description="COM_SHOPPING_FORM_DESC_PRODUCT_VIEW_TYPE" hint="COM_SHOPPING_FORM_LBL_PRODUCT_VIEW_TYPE">
					<option value="list">COM_SHOPPING_FORM_OPTION_PRODUCT_VIEW_TYPE_LIST</option>
					<option value="thumb">COM_SHOPPING_FORM_OPTION_PRODUCT_VIEW_TYPE_THUMBNAIL</option>
					<option value="scroller">COM_SHOPPING_FORM_OPTION_PRODUCT_VIEW_TYPE_SCROLLER</option>
				</field>
				<field name="view_column" filter="safehtml" type="list" label="COM_SHOPPING_FORM_LBL_PRODUCT_VIEW_COLUMN" description="COM_SHOPPING_FORM_DESC_PRODUCT_VIEW_COLUMN" hint="COM_SHOPPING_FORM_LBL_PRODUCT_VIEW_COLUMN">
					<option value="12">1</option>
					<option value="6">2</option>
					<option value="4">3</option>
					<option value="3">4</option>
					<option value="2">6</option>
					<option value="1">12</option>
					<option value="auto">COM_SHOPPING_FORM_OPTION_PRODUCT_VIEW_COLUMN_AUTO</option>
				</field>
				
				<field type="number" label="MOD_SHOPPING_PRODUCTS_DESKTOP_INPAGE" name="desktop_inpage" description="MOD_SHOPPING_PRODUCTS_DESKTOP_INPAGE_DESCRIPTION" default="6" class="" filter="" />
				<field type="number" label="MOD_SHOPPING_PRODUCTS_MOBILE_INPAGE" name="mobile_inpage" description="MOD_SHOPPING_PRODUCTS_MOBILE_INPAGE_DESCRIPTION" default="2" class="" filter="" />
				<field type="media" label="MOD_SHOPPING_PRODUCTS_PHOTO" name="photo" description="MOD_SHOPPING_PRODUCTS_PHOTO_DESCRIPTION" default="" class="" filter="" />
				<field type="media" label="MOD_SHOPPING_PRODUCTS_BACKGROUND" name="background" description="MOD_SHOPPING_PRODUCTS_BACKGROUND_DESCRIPTION" default="" class="" filter="" />
				<field name="itemid" type="menuitem" default="45" label="MOD_SHOPPING_PRODUCTS_ITEM_MENU" description="MOD_SHOPPING_PRODUCTS_ITEM_MENU_DESCRIPTION" />
			</fieldset>
         <fieldset name="advanced">
            <field name="layout" type="modulelayout" label="JFIELD_ALT_LAYOUT_LABEL" description="JFIELD_ALT_MODULE_LAYOUT_DESC" />
            <field name="moduleclass_sfx" type="textarea" rows="3" label="COM_MODULES_FIELD_MODULECLASS_SFX_LABEL" description="COM_MODULES_FIELD_MODULECLASS_SFX_DESC" />
            <field name="cache" type="list" default="1" label="COM_MODULES_FIELD_CACHING_LABEL" description="COM_MODULES_FIELD_CACHING_DESC">
               <option value="1">JGLOBAL_USE_GLOBAL</option>
               <option value="0">COM_MODULES_FIELD_VALUE_NOCACHING</option>
            </field>
            <field name="cache_time" type="text" default="900" label="COM_MODULES_FIELD_CACHE_TIME_LABEL" description="COM_MODULES_FIELD_CACHE_TIME_DESC" />
            <field name="cachemode" type="hidden" default="static">
               <option value="static"></option>
            </field>
         </fieldset>
		</fields>
	</config>
</extension>
			