{
	"$schema": "https://developer.joomla.org/schemas/json-schema/web_assets.json",
	"name": "com_shopping",
	"version": "1.0.0",
	"license": "GNU General Public License version 2 or later",
	"assets": [
	{
		"name": "com_shopping.admin",
		"type": "style",
		"uri": "com_shopping/admin.css"
	},
	{
		"name": "com_shopping.admin",
		"type": "script",
		"uri": "com_shopping/admin.js",
		"dependencies": [
		"jquery"
		],
		"attributes": {
		"defer": true
		}
	},
	{
		"name": "com_shopping.list",
		"type": "style",
		"uri": "com_shopping/list.css"
	}
	]
}
		