<?xml version="1.0" encoding="utf-8"?>
<metadata>
	<layout title="COM_SHOPPING_TITLE_LIST_VIEW_CAMPAIGNS" option="View">
		<message>
				<![CDATA[COM_SHOPPING_TITLE_LIST_VIEW_CAMPAIGNS_DESC]]>
		</message>
	</layout>
	<fields name="request">
		<fieldset name="request">
		<field name="products" query="SELECT * FROM #__shopping_product" multiple="true" layout="joomla.form.field.list-fancy-select" key_field="id" value_field="title" filter="safehtml" type="sql" label="COM_SHOPPING_FORM_LBL_CAMPAIGN_PRODUCTS" description="COM_SHOPPING_FORM_LBL_CAMPAIGN_PRODUCTS_DESC" hint="COM_SHOPPING_FORM_LBL_CAMPAIGN_PRODUCTS">
				<option value="">JNONE</option>
		</field>
				<field name="ordering" filter="safehtml" type="list" label="COM_SHOPPING_FORM_LBL_CAMPAIGN_ORDERING" description="COM_SHOPPING_FORM_DESC_CAMPAIGN_ORDERING" hint="COM_SHOPPING_FORM_LBL_CAMPAIGN_ORDERING">
					<option value="">JNONE</option>
					<option value="id">Id</option>
					<option value="ordering">Ordering</option>
					<option value="state">State</option>
					<option value="title">Title</option>
					<option value="alias">Alias</option>
					<option value="description">Description</option>
					<option value="photo">Photo</option>
					<option value="banner">Banner</option>
					<option value="start_date">Start_date</option>
					<option value="end_date">End_date</option>
					<option value="discount">Discount</option>
					<option value="hits">Hits</option>
					<option value="created_date">Created_date</option>
					<option value="products">Products</option>
				</field>
				<field name="sorting" filter="safehtml" type="list" label="COM_SHOPPING_FORM_LBL_CAMPAIGN_ORDERING_TYPE" description="COM_SHOPPING_FORM_DESC_CAMPAIGN_ORDERING_TYPE" hint="COM_SHOPPING_FORM_LBL_CAMPAIGN_ORDERING_TYPE">
					<option value="ASC">COM_SHOPPING_ASC</option>
					<option value="DESC">COM_SHOPPING_DESC</option>
				</field>
				<field name="view_type" filter="safehtml" type="list" label="COM_SHOPPING_FORM_LBL_CAMPAIGN_VIEW_TYPE" description="COM_SHOPPING_FORM_DESC_CAMPAIGN_VIEW_TYPE" hint="COM_SHOPPING_FORM_LBL_CAMPAIGN_VIEW_TYPE">
					<option value="list">COM_SHOPPING_FORM_OPTION_CAMPAIGN_VIEW_TYPE_LIST</option>
					<option value="thumb">COM_SHOPPING_FORM_OPTION_CAMPAIGN_VIEW_TYPE_THUMBNAIL</option>
				</field>
				<field name="view_column" filter="safehtml" type="list" label="COM_SHOPPING_FORM_LBL_CAMPAIGN_VIEW_COLUMN" description="COM_SHOPPING_FORM_DESC_CAMPAIGN_VIEW_COLUMN" hint="COM_SHOPPING_FORM_LBL_CAMPAIGN_VIEW_COLUMN">
					<option value="12">1</option>
					<option value="6">2</option>
					<option value="4">3</option>
					<option value="3">4</option>
					<option value="2">6</option>
					<option value="1">12</option>
					<option value="auto">COM_SHOPPING_FORM_OPTION_CAMPAIGN_VIEW_COLUMN_AUTO</option>
				</field>
				
	</fieldset>
	</fields>
</metadata>
			