<?xml version="1.0" encoding="utf-8"?>
<extension type="component" version="4.0" method="upgrade">
	<name>com_shopping</name>
	<creationDate>2025-03-01 07:17:34</creationDate>
	<copyright>Dima Software Group All Right Reserved</copyright>
	<license>GNU General Public License version 2 or later</license>
	<author>R.Balvardi</author>
	<authorEmail>info@dima.ir</authorEmail>
	<authorUrl>https://www.dima.ir</authorUrl>
	<version>1.0.0</version>
	<description>Professional Joomla Shopping Cart Component</description>
	<namespace path="src">Shopping\Component\Shopping</namespace>
   <scriptfile>script.php</scriptfile>
	<install> <!-- Runs on install -->
		<sql>
				<file driver="mysql" charset="utf8">sql/install.mysql.utf8.sql</file>
		</sql>
	</install>
	<update> <!-- Runs on update -->
		<schemas>
				<schemapath type="mysql">sql/updates</schemapath>
		</schemas>
	</update>
	<uninstall> <!-- Runs on uninstall -->
		<sql>
				<file driver="mysql" charset="utf8">sql/uninstall.mysql.utf8.sql</file>
		</sql>
	</uninstall>
	<files folder="site">
		<folder>src</folder>
		<folder>forms</folder>
		<folder>tmpl</folder>
	</files>
	<media destination="com_shopping" folder="media">
		<folder>css</folder>
		<folder>images</folder>
		<folder>js</folder>
		<filename>joomla.asset.json</filename>
	</media>
	<languages folder="site/languages">
			<language tag="fa-IR">fa-IR/com_shopping.ini</language>
	</languages>
	<administration>
		<menu>COM_SHOPPING</menu>
		<submenu>
				<menu link="option=com_shopping&amp;view=categories" view="categories" alt="Shopping/Categories">COM_SHOPPING_TITLE_CATEGORIES</menu>
				<menu link="option=com_shopping&amp;view=products" view="products" alt="Shopping/Products">COM_SHOPPING_TITLE_PRODUCTS</menu>
				<menu link="option=com_shopping&amp;view=fields" view="fields" alt="Shopping/Fields">COM_SHOPPING_TITLE_FIELDS</menu>
				<menu link="option=com_shopping&amp;view=campaigns" view="campaigns" alt="Shopping/Campaigns">COM_SHOPPING_TITLE_CAMPAIGNS</menu>
				<menu link="option=com_shopping&amp;view=orders" view="orders" alt="Shopping/Orders">COM_SHOPPING_TITLE_ORDERS</menu>
				<menu link="option=com_shopping&amp;view=addresses" view="addresses" alt="Shopping/Addresses">COM_SHOPPING_TITLE_ADDRESSES</menu>
				<menu link="option=com_shopping&amp;view=dashboard" view="dashboard" alt="Shopping/Dashboard">COM_SHOPPING_TITLE_DASHBOARD</menu>
				<menu link="option=com_shopping&amp;view=setting" view="setting" alt="Shopping/Setting">COM_SHOPPING_TITLE_SETTING</menu>
				<menu link="option=com_shopping&amp;view=import" view="import" alt="Shopping/Import">COM_SHOPPING_TITLE_IMPORT</menu>
				<menu link="option=com_shopping&amp;view=export" view="export" alt="Shopping/Export">COM_SHOPPING_TITLE_EXPORT</menu>
		</submenu>
		<files folder="administrator">
				<filename>access.xml</filename>
				<filename>config.xml</filename>
				<folder>forms</folder>
				<folder>src</folder>
				<folder>tmpl</folder>
				<folder>services</folder>
				<folder>presets</folder>
				<folder>sql</folder>
		</files>
		<languages folder="administrator/languages">
			<language tag="fa-IR">fa-IR/com_shopping.ini</language>
			<language tag="fa-IR">fa-IR/com_shopping.sys.ini</language>
		</languages>
	</administration>
	<config>
		<fields name="params">
				<fieldset name="component">
					<field name="save_history" default="0" />
				</fieldset>
		</fields>
	</config>
	<plugins>
	</plugins>
	<modules>
		<module module="mod_shopping_categories" />
		<module module="mod_shopping_products" />
		<module module="mod_shopping_fields" />
		<module module="mod_shopping_campaigns" />
		<module module="mod_shopping_orders" />
		<module module="mod_shopping_addresses" />
	</modules>
	<updateservers>
		<server type="extension" priority="1" name="com_shopping">https://addon.ir/en/update/</server>
	</updateservers>
</extension>
<!-- Component built by the Joomla Addon Creator -->
<!-- https://www.addon.ir/ -->