<?xml version="1.0"?>
<component>
	<table action="add" table_name="#__shopping_vendor" storage_engine="" collation="utf8mb4_unicode_ci">
      <field action="add" field_name="id" field_type="INT" field_length="11" is_autoincrement="1" index="primary" description=""/>
         <field action="add" field_name="ordering" field_type="INT" field_length="11" description=""/>
         <field action="add" field_name="state" field_type="INT" field_length="11" description=""/>
         <field action="add" field_name="title" field_type="VARCHAR" field_length="255" description=""/>
         <field action="add" field_name="alias" field_type="VARCHAR" field_length="255" description=""/>
         <field action="add" field_name="phone" field_type="VARCHAR" field_length="255" description=""/>
         <field action="add" field_name="email" field_type="VARCHAR" field_length="255" description=""/>
         <field action="add" field_name="privonce" field_type="VARCHAR" field_length="255" description=""/>
         <field action="add" field_name="city" field_type="VARCHAR" field_length="255" description=""/>
         <field action="add" field_name="address" field_type="TEXT" description=""/>
         <field action="add" field_name="postal_code" field_type="VARCHAR" field_length="255" description=""/>
         <field action="add" field_name="user" field_type="INT" field_length="11" description=""/>
         <field action="add" field_name="location" field_type="TEXT" description=""/>
         <field action="add" field_name="logo" field_type="TEXT" description=""/>
         <field action="add" field_name="gallery" field_type="TEXT" description=""/>
	</table>
	<table action="add" table_name="#__shopping_category" storage_engine="" collation="utf8mb4_unicode_ci">
      <field action="add" field_name="id" field_type="INT" field_length="11" is_autoincrement="1" index="primary" description=""/>
         <field action="add" field_name="ordering" field_type="INT" field_length="11" description=""/>
         <field action="add" field_name="state" field_type="INT" field_length="11" description=""/>
         <field action="add" field_name="title" field_type="VARCHAR" field_length="255" description=""/>
         <field action="add" field_name="alias" field_type="VARCHAR" field_length="255" description=""/>
         <field action="add" field_name="photo" field_type="TEXT" description=""/>
         <field action="add" field_name="parent" field_type="VARCHAR" field_length="255" description=""/>
         <field action="add" field_name="description" field_type="TEXT" description=""/>
         <field action="add" field_name="hits" field_type="INT" field_length="11" description=""/>
         <field action="add" field_name="fields" field_type="VARCHAR" field_length="255" description=""/>
         <field action="add" field_name="created_date" field_type="DATETIME" description=""/>
	</table>
	<table action="add" table_name="#__shopping_product" storage_engine="" collation="utf8mb4_unicode_ci">
      <field action="add" field_name="id" field_type="INT" field_length="11" is_autoincrement="1" index="primary" description=""/>
         <field action="add" field_name="ordering" field_type="INT" field_length="11" description=""/>
         <field action="add" field_name="state" field_type="INT" field_length="11" description=""/>
         <field action="add" field_name="title" field_type="VARCHAR" field_length="255" description=""/>
         <field action="add" field_name="alias" field_type="VARCHAR" field_length="255" description=""/>
         <field action="add" field_name="photo" field_type="TEXT" description=""/>
         <field action="add" field_name="gallery" field_type="TEXT" description=""/>
         <field action="add" field_name="category" field_type="VARCHAR" field_length="255" description=""/>
         <field action="add" field_name="vendor" field_type="VARCHAR" field_length="255" description=""/>
         <field action="add" field_name="company" field_type="VARCHAR" field_length="255" description=""/>
         <field action="add" field_name="description" field_type="TEXT" description=""/>
         <field action="add" field_name="price" field_type="INT" field_length="11" description=""/>
         <field action="add" field_name="label" field_type="TEXT" description=""/>
         <field action="add" field_name="weight" field_type="INT" field_length="11" description=""/>
         <field action="add" field_name="stock" field_type="INT" field_length="11" description=""/>
         <field action="add" field_name="discount" field_type="INT" field_length="11" description=""/>
         <field action="add" field_name="discount_date" field_type="DATETIME" description=""/>
         <field action="add" field_name="video" field_type="VARCHAR" field_length="255" description=""/>
         <field action="add" field_name="download_link" field_type="VARCHAR" field_length="255" description=""/>
         <field action="add" field_name="aparat" field_type="VARCHAR" field_length="255" description=""/>
         <field action="add" field_name="param" field_type="TEXT" description=""/>
         <field action="add" field_name="sale" field_type="INT" field_length="11" description=""/>
         <field action="add" field_name="created_date" field_type="DATETIME" description=""/>
	</table>
	<table action="add" table_name="#__shopping_field" storage_engine="" collation="utf8mb4_unicode_ci">
      <field action="add" field_name="id" field_type="INT" field_length="11" is_autoincrement="1" index="primary" description=""/>
         <field action="add" field_name="ordering" field_type="INT" field_length="11" description=""/>
         <field action="add" field_name="state" field_type="INT" field_length="11" description=""/>
         <field action="add" field_name="title" field_type="VARCHAR" field_length="255" description=""/>
         <field action="add" field_name="alias" field_type="VARCHAR" field_length="255" description=""/>
         <field action="add" field_name="type" field_type="TEXT" description=""/>
         <field action="add" field_name="options" field_type="TEXT" description=""/>
         <field action="add" field_name="category" field_type="VARCHAR" field_length="255" description=""/>
         <field action="add" field_name="section" field_type="TEXT" description=""/>
	</table>
	<table action="add" table_name="#__shopping_campaign" storage_engine="" collation="utf8mb4_unicode_ci">
      <field action="add" field_name="id" field_type="INT" field_length="11" is_autoincrement="1" index="primary" description=""/>
         <field action="add" field_name="ordering" field_type="INT" field_length="11" description=""/>
         <field action="add" field_name="state" field_type="INT" field_length="11" description=""/>
         <field action="add" field_name="title" field_type="VARCHAR" field_length="255" description=""/>
         <field action="add" field_name="alias" field_type="VARCHAR" field_length="255" description=""/>
         <field action="add" field_name="description" field_type="TEXT" description=""/>
         <field action="add" field_name="photo" field_type="TEXT" description=""/>
         <field action="add" field_name="banner" field_type="TEXT" description=""/>
         <field action="add" field_name="start_date" field_type="DATETIME" description=""/>
         <field action="add" field_name="end_date" field_type="DATETIME" description=""/>
         <field action="add" field_name="discount" field_type="INT" field_length="11" description=""/>
         <field action="add" field_name="hits" field_type="INT" field_length="11" description=""/>
         <field action="add" field_name="created_date" field_type="DATETIME" description=""/>
         <field action="add" field_name="products" field_type="VARCHAR" field_length="255" description=""/>
	</table>
	<table action="add" table_name="#__shopping_discount" storage_engine="" collation="utf8mb4_unicode_ci">
      <field action="add" field_name="id" field_type="INT" field_length="11" is_autoincrement="1" index="primary" description=""/>
         <field action="add" field_name="state" field_type="INT" field_length="11" description=""/>
         <field action="add" field_name="title" field_type="VARCHAR" field_length="255" description=""/>
         <field action="add" field_name="code" field_type="VARCHAR" field_length="255" description=""/>
         <field action="add" field_name="start_date" field_type="DATETIME" description=""/>
         <field action="add" field_name="end_date" field_type="DATETIME" description=""/>
         <field action="add" field_name="discount" field_type="INT" field_length="11" description=""/>
         <field action="add" field_name="number" field_type="INT" field_length="11" description=""/>
         <field action="add" field_name="created_date" field_type="DATETIME" description=""/>
         <field action="add" field_name="products" field_type="VARCHAR" field_length="255" description=""/>
         <field action="add" field_name="categories" field_type="VARCHAR" field_length="255" description=""/>
         <field action="add" field_name="member" field_type="VARCHAR" field_length="255" description=""/>
	</table>
	<table action="add" table_name="#__shopping_order" storage_engine="" collation="utf8mb4_unicode_ci">
      <field action="add" field_name="id" field_type="INT" field_length="11" is_autoincrement="1" index="primary" description=""/>
         <field action="add" field_name="ordering" field_type="INT" field_length="11" description=""/>
         <field action="add" field_name="state" field_type="INT" field_length="11" description=""/>
         <field action="add" field_name="title" field_type="VARCHAR" field_length="255" description=""/>
         <field action="add" field_name="number" field_type="INT" field_length="11" description=""/>
         <field action="add" field_name="items" field_type="TEXT" description=""/>
         <field action="add" field_name="total" field_type="INT" field_length="11" description=""/>
         <field action="add" field_name="name" field_type="VARCHAR" field_length="255" description=""/>
         <field action="add" field_name="phone" field_type="VARCHAR" field_length="255" description=""/>
         <field action="add" field_name="email" field_type="VARCHAR" field_length="255" description=""/>
         <field action="add" field_name="mobile" field_type="VARCHAR" field_length="255" description=""/>
         <field action="add" field_name="privonce" field_type="VARCHAR" field_length="255" description=""/>
         <field action="add" field_name="city" field_type="VARCHAR" field_length="255" description=""/>
         <field action="add" field_name="postal_code" field_type="VARCHAR" field_length="255" description=""/>
         <field action="add" field_name="order_date" field_type="DATETIME" description=""/>
         <field action="add" field_name="bank_rfcode" field_type="VARCHAR" field_length="255" description=""/>
         <field action="add" field_name="post_rfcode" field_type="VARCHAR" field_length="255" description=""/>
         <field action="add" field_name="payment" field_type="TEXT" description=""/>
         <field action="add" field_name="created_by" field_type="INT" field_length="11" description=""/>
         <field action="add" field_name="status" field_type="TEXT" description=""/>
         <field action="add" field_name="token" field_type="INT" field_length="11" description=""/>
	</table>
	<table action="add" table_name="#__shopping_address" storage_engine="" collation="utf8mb4_unicode_ci">
      <field action="add" field_name="id" field_type="INT" field_length="11" is_autoincrement="1" index="primary" description=""/>
         <field action="add" field_name="ordering" field_type="INT" field_length="11" description=""/>
         <field action="add" field_name="state" field_type="INT" field_length="11" description=""/>
         <field action="add" field_name="title" field_type="VARCHAR" field_length="255" description=""/>
         <field action="add" field_name="name" field_type="VARCHAR" field_length="255" description=""/>
         <field action="add" field_name="phone" field_type="VARCHAR" field_length="255" description=""/>
         <field action="add" field_name="email" field_type="VARCHAR" field_length="255" description=""/>
         <field action="add" field_name="privonce" field_type="VARCHAR" field_length="255" description=""/>
         <field action="add" field_name="city" field_type="VARCHAR" field_length="255" description=""/>
         <field action="add" field_name="address" field_type="TEXT" description=""/>
         <field action="add" field_name="postal_code" field_type="VARCHAR" field_length="255" description=""/>
         <field action="add" field_name="user" field_type="INT" field_length="11" description=""/>
         <field action="add" field_name="location" field_type="TEXT" description=""/>
	</table>
	<table action="add" table_name="#__shopping_user" storage_engine="" collation="utf8mb4_unicode_ci">
      <field action="add" field_name="id" field_type="INT" field_length="11" is_autoincrement="1" index="primary" description=""/>
         <field action="add" field_name="ordering" field_type="INT" field_length="11" description=""/>
         <field action="add" field_name="state" field_type="INT" field_length="11" description=""/>
         <field action="add" field_name="title" field_type="VARCHAR" field_length="255" description=""/>
         <field action="add" field_name="name" field_type="VARCHAR" field_length="255" description=""/>
         <field action="add" field_name="phone" field_type="VARCHAR" field_length="255" description=""/>
         <field action="add" field_name="email" field_type="VARCHAR" field_length="255" description=""/>
         <field action="add" field_name="privonce" field_type="VARCHAR" field_length="255" description=""/>
         <field action="add" field_name="city" field_type="VARCHAR" field_length="255" description=""/>
         <field action="add" field_name="address" field_type="TEXT" description=""/>
         <field action="add" field_name="postal_code" field_type="VARCHAR" field_length="255" description=""/>
         <field action="add" field_name="created_by" field_type="INT" field_length="11" description=""/>
         <field action="add" field_name="location" field_type="TEXT" description=""/>
	</table>
	<table action="add" table_name="#__shopping_province" storage_engine="" collation="utf8mb4_unicode_ci">
      <field action="add" field_name="id" field_type="INT" field_length="11" is_autoincrement="1" index="primary" description=""/>
         <field action="add" field_name="name" field_type="VARCHAR" field_length="255" description=""/>
	</table>
	<table action="add" table_name="#__shopping_city" storage_engine="" collation="utf8mb4_unicode_ci">
      <field action="add" field_name="id" field_type="INT" field_length="11" is_autoincrement="1" index="primary" description=""/>
         <field action="add" field_name="name" field_type="VARCHAR" field_length="255" description=""/>
         <field action="add" field_name="privonce" field_type="VARCHAR" field_length="255" description=""/>
	</table>
	<table action="add" table_name="#__shopping_gateway" storage_engine="" collation="utf8mb4_unicode_ci">
      <field action="add" field_name="id" field_type="INT" field_length="11" is_autoincrement="1" index="primary" description=""/>
         <field action="add" field_name="name" field_type="VARCHAR" field_length="255" description=""/>
         <field action="add" field_name="script" field_type="VARCHAR" field_length="255" description=""/>
         <field action="add" field_name="type" field_type="TEXT" description=""/>
         <field action="add" field_name="params" field_type="TEXT" description=""/>
	</table>
	<table action="add" table_name="#__shopping_shipping" storage_engine="" collation="utf8mb4_unicode_ci">
      <field action="add" field_name="id" field_type="INT" field_length="11" is_autoincrement="1" index="primary" description=""/>
         <field action="add" field_name="name" field_type="VARCHAR" field_length="255" description=""/>
         <field action="add" field_name="script" field_type="VARCHAR" field_length="255" description=""/>
         <field action="add" field_name="type" field_type="TEXT" description=""/>
         <field action="add" field_name="params" field_type="TEXT" description=""/>
	</table>
	<table action="add" table_name="#__shopping_behavior" storage_engine="" collation="utf8mb4_unicode_ci">
      <field action="add" field_name="id" field_type="INT" field_length="11" is_autoincrement="1" index="primary" description=""/>
         <field action="add" field_name="created_by" field_type="INT" field_length="11" description=""/>
         <field action="add" field_name="page_url" field_type="VARCHAR" field_length="255" description=""/>
         <field action="add" field_name="visit_time" field_type="VARCHAR" field_length="255" description=""/>
         <field action="add" field_name="action_type" field_type="VARCHAR" field_length="255" description=""/>
         <field action="add" field_name="device_info" field_type="VARCHAR" field_length="255" description=""/>
         <field action="add" field_name="time_on_page" field_type="INT" field_length="11" description=""/>
	</table>
	<table action="add" table_name="#__shopping_analysis" storage_engine="" collation="utf8mb4_unicode_ci">
      <field action="add" field_name="id" field_type="INT" field_length="11" is_autoincrement="1" index="primary" description=""/>
         <field action="add" field_name="created_by" field_type="INT" field_length="11" description=""/>
         <field action="add" field_name="total_visits" field_type="INT" field_length="11" description=""/>
         <field action="add" field_name="most_visited_page" field_type="VARCHAR" field_length="255" description=""/>
         <field action="add" field_name="last_visit" field_type="DATETIME" description=""/>
	</table>
	<table action="add" table_name="#__shopping_recommender_visits" storage_engine="" collation="utf8mb4_unicode_ci">
      <field action="add" field_name="id" field_type="INT" field_length="11" is_autoincrement="1" index="primary" description=""/>
         <field action="add" field_name="created_by" field_type="INT" field_length="11" description=""/>
         <field action="add" field_name="page_url" field_type="VARCHAR" field_length="255" description=""/>
         <field action="add" field_name="visit_time" field_type="DATETIME" description=""/>
	</table>
	<table action="add" table_name="#__shopping_favorites" storage_engine="" collation="utf8mb4_unicode_ci">
      <field action="add" field_name="id" field_type="INT" field_length="11" is_autoincrement="1" index="primary" description=""/>
         <field action="add" field_name="created_by" field_type="INT" field_length="11" description=""/>
         <field action="add" field_name="product" field_type="INT" field_length="11" description=""/>
	</table>
	<table action="add" table_name="#__shopping_search" storage_engine="" collation="utf8mb4_unicode_ci">
      <field action="add" field_name="id" field_type="INT" field_length="11" is_autoincrement="1" index="primary" description=""/>
         <field action="add" field_name="created_by" field_type="INT" field_length="11" description=""/>
         <field action="add" field_name="product" field_type="INT" field_length="11" description=""/>
	</table>
	<table action="add" table_name="#__shopping_compare" storage_engine="" collation="utf8mb4_unicode_ci">
      <field action="add" field_name="id" field_type="INT" field_length="11" is_autoincrement="1" index="primary" description=""/>
         <field action="add" field_name="created_by" field_type="INT" field_length="11" description=""/>
         <field action="add" field_name="product" field_type="INT" field_length="11" description=""/>
	</table>
	<table action="add" table_name="#__shopping_cart" storage_engine="" collation="utf8mb4_unicode_ci">
      <field action="add" field_name="id" field_type="INT" field_length="11" is_autoincrement="1" index="primary" description=""/>
         <field action="add" field_name="created_by" field_type="INT" field_length="11" description=""/>
         <field action="add" field_name="product" field_type="INT" field_length="11" description=""/>
         <field action="add" field_name="order_id" field_type="INT" field_length="11" description=""/>
         <field action="add" field_name="paymented" field_type="INT" field_length="11" description=""/>
	</table>
	<table action="add" table_name="#__shopping_comment" storage_engine="" collation="utf8mb4_unicode_ci">
      <field action="add" field_name="id" field_type="INT" field_length="11" is_autoincrement="1" index="primary" description=""/>
         <field action="add" field_name="created_by" field_type="INT" field_length="11" description=""/>
         <field action="add" field_name="item" field_type="INT" field_length="11" description=""/>
         <field action="add" field_name="type" field_type="TEXT" description=""/>
         <field action="add" field_name="comment" field_type="TEXT" description=""/>
         <field action="add" field_name="created_date" field_type="DATETIME" description=""/>
	</table>
	<table action="add" table_name="#__shopping_api_keys" storage_engine="" collation="utf8mb4_unicode_ci">
      <field action="add" field_name="id" field_type="INT" field_length="11" is_autoincrement="1" index="primary" description=""/>
         <field action="add" field_name="key" field_type="VARCHAR" field_length="255" description=""/>
         <field action="add" field_name="created_by" field_type="INT" field_length="11" description=""/>
         <field action="add" field_name="created_date" field_type="DATETIME" description=""/>
         <field action="add" field_name="state" field_type="INT" field_length="11" description=""/>
	</table>
	<table action="add" table_name="#__shopping_notification" storage_engine="" collation="utf8mb4_unicode_ci">
      <field action="add" field_name="id" field_type="INT" field_length="11" is_autoincrement="1" index="primary" description=""/>
         <field action="add" field_name="message" field_type="TEXT" description=""/>
         <field action="add" field_name="send_to" field_type="INT" field_length="11" description=""/>
         <field action="add" field_name="created_date" field_type="DATETIME" description=""/>
         <field action="add" field_name="status" field_type="TEXT" description=""/>
	</table>
	<table action="add" table_name="#__shopping_company" storage_engine="" collation="utf8mb4_unicode_ci">
      <field action="add" field_name="id" field_type="INT" field_length="11" is_autoincrement="1" index="primary" description=""/>
         <field action="add" field_name="ordering" field_type="INT" field_length="11" description=""/>
         <field action="add" field_name="state" field_type="INT" field_length="11" description=""/>
         <field action="add" field_name="title" field_type="VARCHAR" field_length="255" description=""/>
         <field action="add" field_name="alias" field_type="VARCHAR" field_length="255" description=""/>
         <field action="add" field_name="phone" field_type="VARCHAR" field_length="255" description=""/>
         <field action="add" field_name="email" field_type="VARCHAR" field_length="255" description=""/>
         <field action="add" field_name="privonce" field_type="VARCHAR" field_length="255" description=""/>
         <field action="add" field_name="city" field_type="VARCHAR" field_length="255" description=""/>
         <field action="add" field_name="address" field_type="TEXT" description=""/>
         <field action="add" field_name="postal_code" field_type="VARCHAR" field_length="255" description=""/>
         <field action="add" field_name="user" field_type="INT" field_length="11" description=""/>
         <field action="add" field_name="location" field_type="TEXT" description=""/>
         <field action="add" field_name="logo" field_type="TEXT" description=""/>
         <field action="add" field_name="gallery" field_type="TEXT" description=""/>
	</table></component>
